{"eclipse_window": 137, "flare_rate": 107.63165075034108, "window": 139, "std": 0.001400706940330565, "tic_num": 79358659, "radius": 1.26, "temperature": 5626.0, "period": 1.4658147865551407, "median": 0.9999815225601196, "n_pts": 14660.0}